{"cameraMode":{"drawMode":0,"name":"Shaded","section":"Shading Mode"},"sceneLighting":true,"audioPlay":false,"sceneViewState":{"showFog":false,"showMaterialUpdate":false,"showSkybox":false,"showFlares":false,"showImageEffects":false,"showParticleSystems":false},"in2DMode":false,"pivot":{"x":-26.980907440185548,"y":20.359798431396486,"z":7.638607025146484},"rotation":{"x":0.2940838038921356,"y":-0.004300990141928196,"z":0.001323387143202126,"w":0.9557690620422363},"size":64.62357330322266,"orthographic":false}