{"cameraMode":{"drawMode":0,"name":"Shaded","section":"Shading Mode"},"sceneLighting":false,"audioPlay":false,"sceneViewState":{"showFog":false,"showMaterialUpdate":false,"showSkybox":false,"showFlares":false,"showImageEffects":false,"showParticleSystems":false},"in2DMode":false,"pivot":{"x":0.12063086032867432,"y":0.7384660243988037,"z":-0.151611328125},"rotation":{"x":0.17235642671585084,"y":0.15735699236392976,"z":-0.027903227135539056,"w":0.9719844460487366},"size":6.338831901550293,"orthographic":false}