{"cameraMode":{"drawMode":0,"name":"Shaded","section":"Shading Mode"},"sceneLighting":false,"audioPlay":false,"sceneViewState":{"showFog":false,"showMaterialUpdate":false,"showSkybox":false,"showFlares":false,"showImageEffects":false,"showParticleSystems":false},"in2DMode":false,"pivot":{"x":-0.14328578114509583,"y":1.6218527555465699,"z":-5.960464477539063e-8},"rotation":{"x":0.2757911682128906,"y":0.24040038883686067,"z":-0.07145015150308609,"w":0.9279237389564514},"size":6.024709701538086,"orthographic":false}