{"cameraMode":{"drawMode":0,"name":"Shaded","section":"Shading Mode"},"sceneLighting":true,"audioPlay":false,"sceneViewState":{"showFog":false,"showMaterialUpdate":false,"showSkybox":false,"showFlares":false,"showImageEffects":false,"showParticleSystems":false},"in2DMode":false,"pivot":{"x":-34.094486236572269,"y":18.45159149169922,"z":6.187173843383789},"rotation":{"x":0.4145953059196472,"y":0.0027300063520669939,"z":-0.0012437900295481086,"w":0.9100009799003601},"size":45.78746795654297,"orthographic":false}