{"cameraMode":{"drawMode":0,"name":"Shaded","section":"Shading Mode"},"sceneLighting":false,"audioPlay":false,"sceneViewState":{"showFog":false,"showMaterialUpdate":false,"showSkybox":false,"showFlares":false,"showImageEffects":false,"showParticleSystems":false},"in2DMode":false,"pivot":{"x":-0.8470858335494995,"y":1.3397220373153687,"z":-1.7881393432617188e-7},"rotation":{"x":0.15240217745304109,"y":-0.004447416868060827,"z":0.0006858150591142476,"w":0.9883081912994385},"size":6.338831424713135,"orthographic":false}