{"cameraMode":{"drawMode":0,"name":"Shaded","section":"Shading Mode"},"sceneLighting":false,"audioPlay":false,"sceneViewState":{"showFog":false,"showMaterialUpdate":false,"showSkybox":false,"showFlares":false,"showImageEffects":false,"showParticleSystems":false},"in2DMode":false,"pivot":{"x":-40.847084045410159,"y":1.3397220373153687,"z":-2.384185791015625e-7},"rotation":{"x":0.15006914734840394,"y":0.05780221149325371,"z":-0.008789051324129105,"w":0.986945629119873},"size":6.338832378387451,"orthographic":true}