{"cameraMode":{"drawMode":0,"name":"Shaded","section":"Shading Mode"},"sceneLighting":true,"audioPlay":false,"sceneViewState":{"showFog":false,"showMaterialUpdate":false,"showSkybox":false,"showFlares":false,"showImageEffects":false,"showParticleSystems":false},"in2DMode":false,"pivot":{"x":-28.511510848999025,"y":28.013465881347658,"z":2.3903656005859377},"rotation":{"x":0.3865591287612915,"y":0.0013833858538419009,"z":-0.0005798356141895056,"w":0.9222636818885803},"size":47.11678695678711,"orthographic":false}