{"cameraMode":{"drawMode":0,"name":"Shaded","section":"Shading Mode"},"sceneLighting":true,"audioPlay":false,"sceneViewState":{"showFog":false,"showMaterialUpdate":false,"showSkybox":false,"showFlares":false,"showImageEffects":false,"showParticleSystems":false},"in2DMode":false,"pivot":{"x":-28.85724639892578,"y":8.387491226196289,"z":-0.5166740417480469},"rotation":{"x":0.2940838038921356,"y":-0.004300990141928196,"z":0.001323387143202126,"w":0.9557690620422363},"size":16.045799255371095,"orthographic":false}