{"cameraMode":{"drawMode":0,"name":"Shaded","section":"Shading Mode"},"sceneLighting":false,"audioPlay":false,"sceneViewState":{"showFog":false,"showMaterialUpdate":false,"showSkybox":false,"showFlares":false,"showImageEffects":false,"showParticleSystems":false},"in2DMode":false,"pivot":{"x":-59.03733825683594,"y":3.252427101135254,"z":6.691608428955078},"rotation":{"x":-0.1043868437409401,"y":0.8591466546058655,"z":-0.19420649111270905,"w":-0.4617950916290283},"size":9.044960021972657,"orthographic":false}