{"cameraMode":{"drawMode":0,"name":"Shaded","section":"Shading Mode"},"sceneLighting":true,"audioPlay":false,"sceneViewState":{"showFog":false,"showMaterialUpdate":false,"showSkybox":false,"showFlares":false,"showImageEffects":false,"showParticleSystems":false},"in2DMode":false,"pivot":{"x":-32.37980270385742,"y":21.884639739990236,"z":5.132854461669922},"rotation":{"x":0.36012136936187746,"y":0.0013993270695209504,"z":-0.0005402066744863987,"w":0.9329043626785278},"size":46.103939056396487,"orthographic":false}