{"cameraMode":{"drawMode":0,"name":"Shaded","section":"Shading Mode"},"sceneLighting":true,"audioPlay":false,"sceneViewState":{"showFog":false,"showMaterialUpdate":false,"showSkybox":false,"showFlares":false,"showImageEffects":false,"showParticleSystems":false},"in2DMode":false,"pivot":{"x":-32.89653778076172,"y":17.43597412109375,"z":9.33087158203125},"rotation":{"x":0.34946516156196597,"y":8.037897458734733e-8,"z":-1.448569619810769e-8,"w":0.9369497299194336},"size":51.7733039855957,"orthographic":false}