{"cameraMode":{"drawMode":0,"name":"Shaded","section":"Shading Mode"},"sceneLighting":true,"audioPlay":false,"sceneViewState":{"showFog":false,"showMaterialUpdate":false,"showSkybox":false,"showFlares":false,"showImageEffects":false,"showParticleSystems":false},"in2DMode":false,"pivot":{"x":-28.691238403320314,"y":22.248960494995118,"z":8.907291412353516},"rotation":{"x":0.2940838038921356,"y":-0.004300990141928196,"z":0.001323387143202126,"w":0.9557690620422363},"size":56.2932014465332,"orthographic":false}