{"cameraMode":{"drawMode":0,"name":"Shaded","section":"Shading Mode"},"sceneLighting":true,"audioPlay":false,"sceneViewState":{"showFog":false,"showMaterialUpdate":false,"showSkybox":false,"showFlares":false,"showImageEffects":false,"showParticleSystems":false},"in2DMode":false,"pivot":{"x":-5.295803546905518,"y":0.5693821907043457,"z":1.4037466049194337},"rotation":{"x":0.14830321073532105,"y":0.22771956026554109,"z":-0.035115521401166919,"w":0.9617263078689575},"size":8.100360870361329,"orthographic":false}