{"cameraMode":{"drawMode":0,"name":"Shaded","section":"Shading Mode"},"sceneLighting":false,"audioPlay":false,"sceneViewState":{"showFog":false,"showMaterialUpdate":false,"showSkybox":false,"showFlares":false,"showImageEffects":false,"showParticleSystems":false},"in2DMode":false,"pivot":{"x":-0.14328578114509583,"y":1.6218527555465699,"z":-5.960464477539063e-8},"rotation":{"x":0.13902397453784944,"y":0.2453228235244751,"z":-0.03557269275188446,"w":0.9587616920471191},"size":6.024709701538086,"orthographic":false}