{"cameraMode":{"drawMode":0,"name":"Shaded","section":"Shading Mode"},"sceneLighting":true,"audioPlay":false,"sceneViewState":{"showFog":false,"showMaterialUpdate":false,"showSkybox":false,"showFlares":false,"showImageEffects":false,"showParticleSystems":false},"in2DMode":false,"pivot":{"x":-31.866119384765626,"y":8.1160888671875,"z":18.885597229003908},"rotation":{"x":0.4058399498462677,"y":0.0013709136983379722,"z":-0.0006087843212299049,"w":0.9139432311058044},"size":66.95194244384766,"orthographic":false}