{"cameraMode":{"drawMode":0,"name":"Shaded","section":"Shading Mode"},"sceneLighting":true,"audioPlay":false,"sceneViewState":{"showFog":false,"showMaterialUpdate":false,"showSkybox":false,"showFlares":false,"showImageEffects":false,"showParticleSystems":false},"in2DMode":false,"pivot":{"x":-0.36461251974105837,"y":2.4627673625946047,"z":-2.2830312252044679},"rotation":{"x":0.27913472056388857,"y":0.005761467386037111,"z":-0.001674798782914877,"w":0.9602335095405579},"size":3.2287847995758058,"orthographic":false}